keyword;position;volume;traffic;url;kd
greece golden visa program;2;720;59;/ultimate-guide-to-greece-golden-visa;48
greece golden visa;3;2400;33;/ultimate-guide-to-greece-golden-visa;62
greece citizenship by investment;2;480;31;/ultimate-guide-to-greece-golden-visa;42
greece digital nomad visa;3;590;25;/greece-digital-nomad-visa;29
moving to greece;7;1000;24;/moving-to-greece;26
digital nomad visa greece;3;320;20;/greece-digital-nomad-visa;25
greece cost of living;3;390;17;/cost-of-living-in-greece;27
greece digital nomad visa requirements;3;260;16;/greece-digital-nomad-visa;23
greece residency by investment;2;260;16;/ultimate-guide-to-greece-golden-visa;52
golden visa greece;3;1000;14;/ultimate-guide-to-greece-golden-visa;61
greece golden visa requirements 2026;1;110;14;/ultimate-guide-to-greece-golden-visa;45
greece golden visa minimum investment 2026;2;170;13;/ultimate-guide-to-greece-golden-visa;46
greece living expenses;5;590;12;/cost-of-living-in-greece;25
greece golden visa cost;1;90;11;/ultimate-guide-to-greece-golden-visa;46
buying property in greece;5;390;11;/buying-property-in-greece;12
retirement visa greece;2;110;9;/greece-retirement-visa;24
greece property investment foreign buyers 2025 2026 trend;4;390;9;/buying-property-in-greece;6
greece golden visa news october 2025;1;70;9;/ultimate-guide-to-greece-golden-visa;32
golden visa greece applications drop;7;390;8;/ultimate-guide-to-greece-golden-visa;6
greece vs portugal golden visa;2;90;7;/greece-vs-portugal-golden-visa;2
move to greece;4;210;7;/moving-to-greece;17
is greece expensive to live in;2;110;7;/cost-of-living-in-greece;26
greece golden visa news;3;210;7;/greece-golden-visa-program-latest-changes;43
fip visa greece;3;140;6;/greece-retirement-visa;20
greece retirement visa;6;320;6;/greece-retirement-visa;27
greece passport;7;320;6;/passport/greece;28
passport of greece;6;260;6;/passport/greece;24
how much does it cost to live in greece;6;260;6;/cost-of-living-in-greece;25
property tax in greece;4;170;5;/greece-property-taxes;24
cost of living in greece;9;1900;5;/cost-of-living-in-greece;28
can foreigners buy property in greece;2;70;4;/buying-property-in-greece;7
greece investor visa;2;50;4;/ultimate-guide-to-greece-golden-visa;51
relocating to greece;6;170;4;/moving-to-greece;10
life cost in greece;7;140;3;/living-in-greece;23
greece lgbt rights;4;110;3;/greece-for-lgbt-expats;39
greece visa for us citizens;5;480;3;/greece-golden-visa-americans;40
bad things about living in greece;4;90;3;/living-in-greece;17
golden visa spain vs greece;2;40;2;/spain-vs-greece-golden-visa;25
can americans move to greece;5;70;2;/moving-to-greece;12
real estate tax greece;5;90;2;/greece-property-taxes;28
buy a house in greece and get residency;2;40;2;/ultimate-guide-to-greece-golden-visa;37
greece property investment;6;110;2;/ultimate-guide-to-greece-golden-visa;27
cost of living in athens greece;7;170;2;/cost-of-living-in-greece;17
