keyword;volume;cpc;database
property for sale in greece;260;0.17;au
houses for sale in greece;320;0.14;au
homes for sale in greece;210;0.14;au
greece real estate;210;0.13;au
real estate in greece;90;0.14;au
greek property for sale;50;0.15;au
buy property in greece;210;0.15;au
buying property in greece;140;0.15;au
property for sale in crete greece;70;0.12;au
houses for sale in crete greece;110;0.1;au
real estate crete greece;110;0.13;au
property for sale in corfu greece;50;0.26;au
houses for sale in corfu greece;90;0.27;au
corfu greece real estate;70;0.25;au
cheap houses for sale in greece;30;0.06;au
greece golden visa;170;1.62;au
golden visa greece;210;1.49;au
greek golden visa;110;0.97;au
living in greece;50;0;au
cost of living in greece;50;0;au
other au rows under 30;620;0;au
property for sale in greece;210;0.11;ca
houses for sale in greece;390;0.08;ca
homes for sale in greece;390;0.08;ca
greece real estate;320;0.14;ca
real estate in greece;70;0.21;ca
buy property in greece;210;0.1;ca
buying property in greece;70;0.13;ca
houses for sale in crete greece;140;0.1;ca
real estate crete greece;110;0.14;ca
houses for sale in corfu greece;70;0.19;ca
corfu greece real estate;50;0.2;ca
houses for sale in athens greece;70;0.15;ca
greece golden visa;260;1.48;ca
golden visa greece;210;1.76;ca
greek golden visa;110;1.48;ca
greece citizenship by investment;50;1.21;ca
living in greece;110;0.17;ca
cost of living in greece;260;0.27;ca
retire in greece;110;0.2;ca
other ca rows under 50;900;0;ca
homes for sale in greece;170;0.4;il
houses for sale in greece;140;0.4;il
greece real estate;140;0.45;il
golden visa greece;140;1.02;il
property for sale in greece;90;0.57;il
real estate crete greece;90;0.14;il
greece golden visa;70;1.02;il
houses for sale in crete greece;70;0.08;il
buy property in greece;50;0.57;il
other il rows under 50;900;0;il
homes for sale in greece;140;0.13;de
houses for sale in greece;110;0.13;de
corfu greece real estate;110;0.23;de
real estate crete greece;110;0.09;de
greece golden visa;110;0.93;de
golden visa greece;110;0.93;de
greece real estate;90;0.12;de
property for sale in greece;70;0.12;de
buy property in greece;70;0.12;de
buying property in greece;70;0.16;de
houses for sale in crete greece;70;0.1;de
houses for sale in corfu greece;70;0.22;de
other de rows under 50;800;0;de
greece residency by investment;720;3.12;ae
greece golden visa;320;3.12;ae
golden visa greece;320;3.12;ae
greek golden visa;320;3.12;ae
property for sale in greece;140;0.36;ae
buy property in greece;140;0.36;ae
buying property in greece;140;0.36;ae
greece citizenship by investment;110;2.57;ae
houses for sale in greece;50;0.22;ae
greece golden visa citizenship;40;2.23;ae
other ae rows under 40;280;0;ae
