query;clicks;impressions;position
"building permit regularisation" survey;0;6;4.3
aade afm required to open bank account greece;0;2;36
aade greece real estate transfer tax 3% official;0;1;4
athens rental yield 2026 investment return data;0;68;5.8
completing a property purchase in greece;0;3;81
due diligence greece property;0;13;27.1
enfia tax greece 2021;0;2;67.5
global property guide greece gross rental yield 2026;0;2;5
global property guide greece rental yields 2026;0;5;5
global property guide greece rental yields 2026 athens;0;1;4
global property guide greece rental yields 2026 athens thessaloniki;0;5;7
global property guide greece rental yields athens 2026;0;5;7.8
global property guide greece rental yields athens thessaloniki 2026;0;7;5
golden visa bank account;0;20;74.2
golden visa greece extension;0;1;89
golden visa greece for family;0;27;85.5
golden visa lawyer greece;0;1;84
greece average gross rental yield 2026 global property guide;0;1;7
greece bank account opening afm required non resident;0;1;75
greece enfia property tax 2026 official;0;3;10.7
greece enfia property tax official 2026;0;7;5.3
greece enfia property tax rates 2026;0;1;7
greece golden visa consultant;0;2;82
greece golden visa cost solicitor;0;47;61
greece golden visa immigration solicitor;0;39;71
greece golden visa processing time;0;1;100
greece golden visa processing time lawyer;0;45;62.6
greece golden visa solicitor;0;46;71
greece gross rental yield 2026 global property guide;0;3;5.7
greece gross rental yields 2026 global property guide;0;2;7.5
greece invest;0;2;42
greece investor visa solicitor;0;31;67.7
greece property buying process;0;9;77.4
greece property buying steps;0;3;71.7
greece property purchase costs notary land registry lawyer 2026 official;0;1;8
greece property purchase costs transfer tax notary land registry 2026;0;1;5
greece property purchase costs transfer tax notary lawyer 2026;0;2;6.5
greece property purchase costs transfer tax notary lawyer 2026 official;0;1;7
greece property purchase costs transfer tax notary lawyer fees 2026;0;7;3.3
greece property purchase costs transfer tax notary lawyer land registry 2026;0;3;5.3
greece property purchase costs transfer tax notary legal fees 2026;0;2;4
greece residency consultation;0;18;82.8
greek investments;0;2;76
how long can a us citizen stay in greece;0;1;74
how long can an american stay in greece;0;1;71
how long can i stay in greece without a visa;0;2;62
how long can us citizen stay in greece;0;1;63
how many years to get pr in greece;0;1;94
how to check a greek national tourism organization (eot/ama) license;0;9;80.7
investment visa greece lawyer;0;4;69.8
legal due diligence buying property greece;0;73;53.8
legal process of buying property in greece;0;7;77.1
making an offer on a greek property;0;19;67.7
mykonos micro-market analysis for real estate investors;0;49;52.2
payfma sale meaning;0;19;9.5
what is included in a technical due diligence report for a greek villa;0;20;89.7
