keyword;volume;cpc;intent;kd;database
property for sale in greece;590;0.29;3;44;us
greece property for sale;480;0.29;3;44;us
houses for sale in greece;2400;0.2;3;38;us
villas for sale in greece;110;0.33;3;28;us
apartments for sale in greece;140;0.33;3;14;us
greece real estate;1000;0.27;0;39;us
greek property;50;0.35;;0;us
buy property in greece;590;0.29;1;45;us
greece property investment;140;1.87;1;19;us
property in greece;260;0.53;0;45;us
greek islands property for sale;10;0.23;;0;us
real estate greece;480;0.26;0;45;us
property for sale greece;210;0.29;3;38;us
cheap property for sale in greece;20;0.08;;0;us
greek property for sale;260;0.27;0;30;us
homes for sale in greece;2400;0.2;3;49;us
buying property in greece;390;0.29;1;12;us
greece property prices;20;0.27;;0;us
invest in greece property;0;1.31;;0;us
greece property market;20;0;;0;us
greek real estate;390;0.26;0;49;us
seafront property for sale greece;10;0;;0;us
greek island house for sale;10;0.16;;0;us
property greece;70;0.53;0;45;us
greece houses for sale;590;0.2;3;41;us
buy house in greece;170;0.39;3;40;us
greece villa for sale;50;0.33;3;27;us
land for sale in greece;170;0.21;3;2;us
property for sale in crete greece;170;0.13;3;16;us
crete real estate;590;0.16;0;25;us
houses for sale in crete greece;720;0.12;3;4;us
property for sale in corfu greece;110;0.19;3;16;us
corfu real estate;320;0.19;0;8;us
houses for sale in corfu greece;260;0.19;3;17;us
property for sale in rhodes greece;20;0.3;;0;us
rhodes real estate;110;0.58;0;24;us
houses for sale in rhodes greece;90;0.37;3;7;us
property for sale in mykonos greece;90;0.28;3;9;us
mykonos property investment;0;0;;0;us
mykonos real estate;210;0.28;0;22;us
houses for sale in mykonos greece;210;0.28;3;7;us
property for sale in santorini greece;70;0.2;3;9;us
santorini real estate;210;0.26;0;10;us
houses for sale in santorini greece;590;0.16;3;14;us
property for sale in paros greece;40;0.43;3;5;us
paros property investment;0;0;;0;us
paros real estate;140;0.43;0;8;us
houses for sale in paros greece;140;0.4;3;5;us
property for sale in naxos greece;40;0.15;;0;us
naxos real estate;140;0.1;0;14;us
houses for sale in naxos greece;90;0.07;3;8;us
property for sale in kefalonia greece;90;0.25;3;6;us
kefalonia real estate;110;0.29;0;20;us
houses for sale in kefalonia greece;90;0.25;3;7;us
property for sale in zakynthos greece;0;0.37;;0;us
zakynthos real estate;50;0.29;0;11;us
houses for sale in zakynthos greece;20;0.36;;0;us
property for sale in lefkada greece;20;0.35;;0;us
lefkada real estate;90;0.3;0;13;us
houses for sale in lefkada greece;70;0.27;3;6;us
property for sale in kos greece;20;0;;0;us
kos real estate;20;1.07;;0;us
houses for sale in kos greece;10;0;;0;us
property for sale in halkidiki greece;20;0.11;;0;us
halkidiki real estate;30;0.13;;0;us
houses for sale in halkidiki greece;20;0.12;;0;us
property for sale in peloponnese greece;40;0.27;3;4;us
peloponnese real estate;40;0.27;0;3;us
houses for sale in peloponnese greece;50;0.07;3;4;us
property for sale in thessaloniki greece;20;0.11;;0;us
thessaloniki real estate;110;0.31;0;8;us
houses for sale in thessaloniki greece;10;0.06;;0;us
property for sale in athens greece;90;0.25;3;22;us
athens property investment;0;0;;0;us
athens real estate;1000;0.34;0;52;us
houses for sale in athens greece;480;0.26;3;18;us
property for sale in milos greece;20;0;;0;us
property for sale in syros greece;0;0.06;;0;us
property for sale in tinos greece;20;0;;0;us
tinos property investment;20;0;;0;us
property for sale in ithaca greece;10;0;;0;us
property for sale in skiathos greece;20;0;;0;us
property for sale in samos greece;20;0;;0;us
property for sale in chios greece;20;0;;0;us
property for sale in lesvos greece;20;0;;0;us
property for sale in karpathos greece;20;0;;0;us
property for sale in symi greece;20;0;;0;us
property for sale in aegina greece;20;0;;0;us
property for sale in hydra greece;20;0;;0;us
property for sale in poros greece;20;0;;0;us
property for sale in kythira greece;0;0;;0;us
property for sale in evia greece;20;0;;0;us
property for sale in pelion greece;20;0;;0;us
property for sale in skopelos greece;20;0.04;;0;us
property for sale in sifnos greece;10;0;;0;us
property for sale in andros greece;20;0;;0;us
property for sale in glyfada greece;0;0.2;;0;us
property for sale in voula greece;0;0;;0;us
property for sale in vouliagmeni greece;20;0.67;;0;us
property for sale in piraeus greece;20;0;;0;us
property for sale in palaio faliro greece;10;0;;0;us
property for sale in anavyssos greece;0;0;;0;us
property for sale in kalamata greece;30;0.07;;0;us
property for sale in nafplio greece;20;0.13;;0;us
property for sale in parga greece;20;0;;0;us
property for sale in sivota greece;20;0;;0;us
how to buy property in greece;30;0.62;;0;us
buying property in greece as a foreigner;10;0.94;;0;us
can foreigners buy property in greece;70;2.81;1;11;us
buying a house in greece as a foreigner;20;0;;0;us
cost of buying property in greece;20;0;;0;us
greece property taxes;10;0.71;;0;us
enfia tax greece;20;0;;0;us
enfia;260;0;1;22;us
greek property lawyer;20;0;;0;us
afm number greece;20;0;;0;us
greece land registry;20;0;;0;us
greece cadastre;20;0;;0;us
greece capital gains tax property;20;0;;0;us
mortgage in greece for foreigners;20;0;;0;us
greece mortgage non resident;0;0;;0;us
greece golden visa;2900;2.39;1;56;us
golden visa greece;1000;2.39;1,3;58;us
greek golden visa;880;2.39;1;49;us
greece golden visa 2026;30;2.48;;0;us
greece golden visa requirements;110;1.98;1;50;us
greece golden visa cost;70;1.98;1;45;us
greece golden visa property;10;2.77;;0;us
greece residency by investment;260;2.16;1;49;us
greece golden visa 250000;0;0;;0;us
greece golden visa application;0;0;;0;us
greece golden visa processing time;20;0;;0;us
greece golden visa family;0;0;;0;us
greece golden visa renewal;0;0;;0;us
greece golden visa citizenship;50;2.61;1;46;us
greece permanent residency;20;1.36;;0;us
greece digital nomad visa;590;4.98;1;24;us
greece retirement visa;320;1.2;1;27;us
greece financially independent person visa;30;1.18;1,0;18;us
greece fip visa;140;1.63;1;17;us
greece visa for us citizens;480;0;1;24;us
greece long stay visa;10;0.81;;0;us
greece citizenship by investment;590;1.7;1;42;us
greece citizenship requirements;40;0.71;1;16;us
golden visa greece vs portugal;20;0;;0;us
cheapest golden visa in europe;90;1.47;0;19;us
best golden visa europe;20;1.48;;0;us
living in greece;720;0.98;1;25;us
moving to greece;720;1.53;1;12;us
retire in greece;480;1.73;1;22;us
cost of living in greece;1000;0.75;1;26;us
cost of living in athens;170;0;1;26;us
cost of living in crete;90;0.27;1;6;us
expat life in greece;30;0;;0;us
international schools in athens;20;0.76;;0;us
international schools greece;70;0;0;12;us
healthcare in greece for expats;30;1.4;1;12;us
greece non dom tax regime;30;0;;0;us
greece tax residency;20;0;;0;us
best places to live in greece;260;1.14;0;7;us
best greek island to live on;30;0;;0;us
living in crete as an expat;20;0;;0;us
living in athens as an expat;20;0;;0;us
is greece a good place to retire;70;0.73;1;22;us
working remotely from greece;20;0;;0;us
airbnb greece;1000;0.52;1,2;37;us
greece rental income tax;10;0;;0;us
greece house prices;10;0.24;;0;us
greece property price index;0;0;;0;us
greece real estate investment;10;1.31;;0;us
best country to buy property in europe;20;0;;0;us
cheapest country to buy property in europe;20;0;;0;us
ela tinos;20;0;;0;us
argyroupoli athens;20;0;;0;us
greca developments;20;0;;0;us
ellinikon project athens;10;0;;0;us
the ellinikon riviera tower;20;0;;0;us
costa navarino residences;20;1.37;;0;us
one and only kea island;720;2.45;1,3;28;us
amanzoe porto heli;170;1.81;1,3;41;us
property for sale in greece;1300;0.29;3;39;uk
greece property for sale;1300;0.29;3;33;uk
houses for sale in greece;1300;0.38;3;38;uk
villas for sale in greece;480;0.54;3;24;uk
apartments for sale in greece;210;0.23;3;10;uk
greece real estate;110;0.51;0;49;uk
greek property;170;0.45;0;41;uk
buy property in greece;880;0.36;3;47;uk
greece property investment;30;0;;0;uk
property in greece;590;0.45;0;39;uk
greek islands property for sale;110;0.25;3;31;uk
real estate greece;110;0.25;0;50;uk
property for sale greece;1300;0.29;3;38;uk
cheap property for sale in greece;50;0.44;;0;uk
greek property for sale;1000;0.29;3;41;uk
homes for sale in greece;720;0.25;3;34;uk
buying property in greece;880;0.29;1;34;uk
greece property prices;20;0.23;;0;uk
invest in greece property;0;1.87;;0;uk
greece property market;20;0;;0;uk
greek real estate;70;0.25;;0;uk
seafront property for sale greece;0;0;;0;uk
greek island house for sale;10;0.2;;0;uk
property greece;390;0.45;0;39;uk
greece houses for sale;590;0.25;3;41;uk
buy house in greece;210;0.38;3;42;uk
greece villa for sale;70;0.44;;0;uk
land for sale in greece;210;0.22;3;8;uk
property for sale in crete greece;1600;0.15;3;34;uk
crete property investment;0;0;;0;uk
crete real estate;90;0.18;;0;uk
houses for sale in crete greece;1300;0.15;3;18;uk
property for sale in corfu greece;1300;0.27;3;24;uk
corfu real estate;110;0.27;0;32;uk
houses for sale in corfu greece;1300;0.26;3;14;uk
property for sale in rhodes greece;170;0.26;3;11;uk
rhodes real estate;20;0.24;;0;uk
houses for sale in rhodes greece;210;0.2;3;14;uk
property for sale in mykonos greece;140;0.56;3;14;uk
mykonos property investment;0;0;;0;uk
mykonos real estate;20;0.38;;0;uk
houses for sale in mykonos greece;110;0.38;3;12;uk
property for sale in santorini greece;170;0.45;3;10;uk
santorini real estate;20;0.19;;0;uk
houses for sale in santorini greece;140;0.26;3;11;uk
property for sale in paros greece;140;0.41;3;9;uk
paros property investment;0;0;;0;uk
paros real estate;20;0.78;;0;uk
houses for sale in paros greece;90;0.52;3;6;uk
property for sale in naxos greece;50;0.2;;0;uk
naxos real estate;20;0.21;;0;uk
houses for sale in naxos greece;70;0.19;;0;uk
property for sale in kefalonia greece;1000;0.18;3;24;uk
kefalonia real estate;40;0.25;;0;uk
houses for sale in kefalonia greece;720;0.15;3;9;uk
property for sale in zakynthos greece;320;0.14;3;9;uk
zakynthos real estate;20;0.17;;0;uk
houses for sale in zakynthos greece;140;0.14;3;14;uk
property for sale in lefkada greece;260;0.18;3;11;uk
lefkada real estate;20;0.27;;0;uk
houses for sale in lefkada greece;110;0.4;3;10;uk
property for sale in kos greece;140;0.46;3;9;uk
kos real estate;30;0;;0;uk
houses for sale in kos greece;70;0.24;;0;uk
property for sale in halkidiki greece;70;0.18;;0;uk
halkidiki real estate;10;0.34;;0;uk
houses for sale in halkidiki greece;70;0.16;;0;uk
property for sale in peloponnese greece;210;0.24;3;11;uk
peloponnese real estate;10;0.24;;0;uk
houses for sale in peloponnese greece;110;0.15;3;8;uk
property for sale in thessaloniki greece;90;0.19;;0;uk
thessaloniki real estate;20;0.1;;0;uk
houses for sale in thessaloniki greece;50;0.19;;0;uk
property for sale in athens greece;20;0.41;;0;uk
athens property investment;0;0;;0;uk
athens real estate;70;0.29;;0;uk
houses for sale in athens greece;70;0.23;;0;uk
property for sale in milos greece;20;0.37;;0;uk
property for sale in syros greece;20;0.24;;0;uk
property for sale in tinos greece;0;0.63;;0;uk
property for sale in antiparos greece;10;0;;0;uk
property for sale in ithaca greece;40;0.25;;0;uk
property for sale in skiathos greece;590;0.2;3;22;uk
property for sale in samos greece;90;0.18;;0;uk
property for sale in chios greece;20;0;;0;uk
property for sale in lesvos greece;50;0.22;;0;uk
property for sale in symi greece;110;0.25;3;12;uk
property for sale in patmos greece;0;0;;0;uk
property for sale in aegina greece;20;0.45;;0;uk
property for sale in hydra greece;20;0.23;;0;uk
property for sale in spetses greece;10;0.36;;0;uk
property for sale in poros greece;20;0.12;;0;uk
property for sale in kythira greece;20;0;;0;uk
property for sale in evia greece;30;0.18;;0;uk
property for sale in pelion greece;20;0;;0;uk
property for sale in skopelos greece;210;0.08;3;5;uk
property for sale in sifnos greece;20;0;;0;uk
property for sale in andros greece;20;0;;0;uk
property for sale in glyfada greece;20;0.53;;0;uk
property for sale in voula greece;0;0.42;;0;uk
property for sale in vouliagmeni greece;0;0.74;;0;uk
property for sale in piraeus greece;10;0;;0;uk
property for sale in palaio faliro greece;20;0;;0;uk
property for sale in varkiza greece;0;0;;0;uk
property for sale in anavyssos greece;0;0;;0;uk
property for sale in elounda greece;0;0;;0;uk
property for sale in chania greece;0;0;;0;uk
property for sale in kalamata greece;30;0.18;;0;uk
property for sale in nafplio greece;40;0.27;;0;uk
property for sale in parga greece;110;0.14;3;14;uk
property for sale in sivota greece;20;0;;0;uk
property for sale in nea makri greece;20;0;;0;uk
property for sale in loutraki greece;0;0;;0;uk
how to buy property in greece;20;0.67;;0;uk
buying property in greece as a foreigner;10;0.58;;0;uk
can foreigners buy property in greece;20;0;;0;uk
buying a house in greece as a foreigner;20;0.49;;0;uk
greece property buying process;0;0;;0;uk
cost of buying property in greece;20;0;;0;uk
greece property taxes;0;0;;0;uk
enfia tax greece;20;0;;0;uk
enfia;110;0;1;29;uk
greek property lawyer;30;0;;0;uk
afm number greece;20;0;;0;uk
greece land registry;20;0;;0;uk
greece cadastre;20;0;;0;uk
greece capital gains tax property;20;0;;0;uk
mortgage in greece for foreigners;30;1.68;;0;uk
greece mortgage non resident;20;0;;0;uk
greece golden visa;1000;1.05;1;55;uk
golden visa greece;880;1.05;1;45;uk
greek golden visa;590;1.05;1;47;uk
greece golden visa 2026;20;1.32;;0;uk
greece golden visa requirements;40;1.28;;0;uk
greece golden visa cost;30;1.34;;0;uk
greece golden visa property;20;1.44;;0;uk
greece residency by investment;50;1.41;;0;uk
greece golden visa 800000;0;0;;0;uk
greece golden visa processing time;20;0;;0;uk
greece golden visa renewal;0;0;;0;uk
greece golden visa citizenship;20;1.69;;0;uk
greece permanent residency;20;1.2;;0;uk
greece digital nomad visa;210;2.92;1;28;uk
greece retirement visa;110;0.65;1;23;uk
greece financially independent person visa;30;0;;0;uk
greece fip visa;40;1.33;;0;uk
greece visa for us citizens;20;0;;0;uk
greece long stay visa;10;0.53;;0;uk
greece citizenship by investment;110;1.28;1;41;uk
greece citizenship requirements;20;0.85;;0;uk
golden visa greece vs portugal;20;0;;0;uk
cheapest golden visa in europe;20;1.47;;0;uk
best golden visa europe;30;0.98;;0;uk
living in greece;260;0.76;1;19;uk
moving to greece;260;0.93;1;16;uk
retire in greece;110;0.43;1;22;uk
cost of living in greece;170;0.88;1;27;uk
cost of living in athens;20;0;;0;uk
cost of living in crete;70;0;;0;uk
expat life in greece;20;0;;0;uk
international schools in athens;20;0.73;;0;uk
international schools greece;10;0;;0;uk
healthcare in greece for expats;20;0;;0;uk
greece non dom tax regime;20;0;;0;uk
greece tax residency;20;0;;0;uk
best places to live in greece;110;0.64;0;9;uk
best greek island to live on;20;0;;0;uk
moving to crete from uk;30;0.77;;0;uk
living in crete as an expat;20;0.5;;0;uk
living in athens as an expat;20;0;;0;uk
is greece a good place to retire;20;0;;0;uk
working remotely from greece;20;0;;0;uk
rental yield greece;10;0;;0;uk
airbnb greece;1600;0.35;2;42;uk
buy to let greece;20;0;;0;uk
greece rental income tax;10;0;;0;uk
greece house prices;30;0.32;;0;uk
greece real estate investment;10;0;;0;uk
best country to buy property in europe;20;2.78;;0;uk
cheapest country to buy property in europe;30;0;;0;uk
ela tinos;50;0.77;;0;uk
argyroupoli athens;20;0;;0;uk
greca developments;20;0;;0;uk
solena greece;10;0;;0;uk
ellinikon project athens;10;0;;0;uk
the ellinikon riviera tower;20;0;;0;uk
costa navarino residences;20;1.33;;0;uk
one and only kea island;590;1.51;1,3;26;uk
amanzoe porto heli;90;1.86;2;26;uk
